,X,Y,Z
0,-500,-995.1628472101496,249494.1003551829
1,-499,-992.7899272927531,248505.9898012692
2,-498,-1002.8054388964689,247494.63346335664
3,-497,-984.2315310793181,246503.41877102482
4,-496,-989.5161099824005,245503.4410783263
5,-495,-989.7003476323292,244535.22164007428
6,-494,-978.6341131145956,243535.6896978753
7,-493,-980.923168700191,242558.3361439277
8,-492,-987.7739173092023,241592.58341039805
9,-491,-979.4315862215132,240600.5951999453
10,-490,-976.2749337279319,239614.0597442265
11,-489,-982.555288720101,238638.07017756932
12,-488,-972.7388116421184,237669.48330636218
13,-487,-967.0022704880167,236672.4411770024
14,-486,-977.931563957716,235705.8538631172
15,-485,-960.6969068231847,234748.91615961218
16,-484,-957.0687093636438,233750.47770620207
17,-483,-969.7593931861471,232809.2295023002
18,-482,-956.8645197434555,231846.58023607227
19,-481,-958.6216976244226,230875.91529387035
20,-480,-952.7740747484233,229915.0666698702
21,-479,-952.1612882655157,228950.80111497003
22,-478,-955.2150418300082,228002.05768337406
23,-477,-956.1381631276412,227042.57621368574
24,-476,-957.9983135109843,226086.575874741
25,-475,-943.257137505556,225150.5342782185
26,-474,-947.5524754043295,224202.86962439906
27,-473,-946.9177316542148,223258.95194327337
28,-472,-943.9127295488153,222309.51521723586
29,-471,-937.3112212321363,221363.09673552072
30,-470,-930.3880539390057,220427.02055175244
31,-469,-935.149006500141,219493.51334123107
32,-468,-932.663380246802,218549.60698528594
33,-467,-933.2719906060865,217607.7625508734
34,-466,-936.0908210854464,216696.18948558826
35,-465,-934.185307432786,215760.12596229182
36,-464,-926.153736490581,214837.37827727167
37,-463,-930.1413787210599,213903.83238241833
38,-462,-905.98821280007,212992.98297117278
39,-461,-918.5176213922895,212049.98812257234
40,-460,-919.4581459908621,211120.3128157826
41,-459,-915.66168672584,210225.47852858627
42,-458,-911.0128994263437,209314.2929052013
43,-457,-914.5557613320318,208384.05466951063
44,-456,-917.6159831101675,207452.16740677925
45,-455,-905.0159326376175,206560.370223529
46,-454,-900.9402860009582,205653.5016896099
47,-453,-910.2449003612442,204756.82205695217
48,-452,-895.6614767186684,203840.8490923605
49,-451,-899.3585038890213,202959.11374998125
50,-450,-894.3060182113269,202052.94019601552
51,-449,-891.2824104783292,201150.76463883754
52,-448,-886.6727877071296,200255.45506042978
53,-447,-892.2888185970446,199356.00660682723
54,-446,-890.2181966143055,198462.65246346232
55,-445,-888.2340668551757,197572.7643967375
56,-444,-887.4213189049049,196678.4032874794
57,-443,-879.3144071862806,195818.1359278278
58,-442,-879.9141613268741,194917.4825548876
59,-441,-875.3275521519645,194041.5030093138
60,-440,-886.5782105404046,193167.72429278062
61,-439,-879.3805516515517,192274.33524348677
62,-438,-871.0050827239129,191412.3437451281
63,-437,-866.1086229400385,190519.88654132886
64,-436,-859.9418217124932,189659.85797767638
65,-435,-876.8724349788237,188794.735119242
66,-434,-867.6931489148145,187927.95705723178
67,-433,-860.6758910357944,187060.7553981147
68,-432,-861.4610945411048,186203.63208783718
69,-431,-859.4641228417877,185335.02370074837
70,-430,-859.6566472372486,184471.50327519505
71,-429,-846.8363089297748,183621.4663781033
72,-428,-855.99059535447,182752.68197524574
73,-427,-860.6113390086199,181894.19469899102
74,-426,-847.0193757483875,181054.05222750272
75,-425,-847.9955157925408,180189.39454138844
76,-424,-856.4587808636476,179374.89790433628
77,-423,-844.2343511115769,178502.48075168364
78,-422,-835.2141215893954,177664.9924947688
79,-421,-838.6293191688375,176812.05308131958
80,-420,-831.4589437459507,175963.7189347764
81,-419,-833.4585088676439,175139.22456123846
82,-418,-830.9484227748989,174298.00870018863
83,-417,-823.4262124226035,173455.88351910686
84,-416,-825.7605294987624,172635.0802376339
85,-415,-828.5210104193676,171806.36143172285
86,-414,-818.9942800480835,170983.42879051133
87,-413,-829.0784444317837,170170.88325460895
88,-412,-815.526350714431,169329.40634230364
89,-411,-817.6371948979588,168509.43499612962
90,-410,-825.3091108727237,167699.9193599345
91,-409,-813.2711851887988,166863.51668416735
92,-408,-817.4257765532012,166046.70193895287
93,-407,-808.3335851870729,165244.63322530963
94,-406,-808.6575371151134,164430.25201460774
95,-405,-805.7766625600204,163615.79262576852
96,-404,-802.9049015901036,162792.9412400023
97,-403,-805.586010424983,161997.68611589124
98,-402,-797.3699627520512,161202.3774132134
99,-401,-787.9466958126075,160399.80659348212
100,-400,-793.8629928743038,159609.91479911437
101,-399,-801.1157570054023,158799.52957202774
102,-398,-792.03563131833,158006.08637462798
103,-397,-790.3303059813826,157215.39852251284
104,-396,-797.9484093587727,156414.63589262735
105,-395,-775.9334808345033,155620.7335348128
106,-394,-789.1275184971036,154855.63885234913
107,-393,-783.1539479384476,154064.67745305892
108,-392,-776.9411703576832,153275.45384787835
109,-391,-778.0409923171945,152494.95175565442
110,-390,-775.5112665405926,151697.0740783726
111,-389,-775.9389581799968,150927.83268397025
112,-388,-765.1484609165851,150168.75499518504
113,-387,-758.9989426717981,149391.8525031063
114,-386,-769.1699129531639,148607.07310535148
115,-385,-768.1016208384151,147833.8699083939
116,-384,-769.4503970556126,147059.4130417973
117,-383,-759.9428034833275,146311.2966591914
118,-382,-763.173610707728,145554.8956161937
119,-381,-762.2836999192172,144788.96593331257
120,-380,-765.4737843470264,144011.40435305363
121,-379,-753.1375760113035,143270.0814312924
122,-378,-750.1071858747963,142525.19669648274
123,-377,-744.5562383848894,141748.07430500706
124,-376,-758.5788405588424,141014.2558795086
125,-375,-737.639415357776,140239.47838021792
126,-374,-740.9752898778182,139514.50105663307
127,-373,-737.7613078069462,138758.21318927978
128,-372,-738.8321421701852,138001.3927392475
129,-371,-737.8012860129758,137280.94078861113
130,-370,-737.2458898159488,136517.18282559997
131,-369,-729.4300913937017,135790.4629454119
132,-368,-725.6972596270814,135047.71712627646
133,-367,-735.9836768579974,134306.5369948377
134,-366,-738.2997804714378,133595.47788227713
135,-365,-725.6046545932511,132883.0996414193
136,-364,-722.3939489490793,132113.0104868309
137,-363,-726.1876859740306,131390.7897847888
138,-362,-721.667824797138,130657.96205614162
139,-361,-722.9075829892163,129954.76307900608
140,-360,-721.4343689284493,129251.68783188004
141,-359,-711.3903436346237,128530.63629883983
142,-358,-714.995607142462,127806.71315952773
143,-357,-708.1895526905889,127090.91332367483
144,-356,-707.4753073691766,126364.0100830448
145,-355,-705.0759603057759,125657.36863139906
146,-354,-707.5229262327924,124955.62670958252
147,-353,-695.3454235639158,124252.50126535988
148,-352,-704.5587541586411,123545.6506648819
149,-351,-700.3704056541,122860.36000193439
150,-350,-693.4160715404122,122165.66310359996
151,-349,-703.39847633496,121450.44238697425
152,-348,-685.5890478557288,120746.98538817503
153,-347,-690.6926312438503,120067.05977606516
154,-346,-692.1806424818617,119386.1855727712
155,-345,-688.5950449299705,118651.78180597584
156,-344,-699.5251356377003,117965.61064809855
157,-343,-695.3565539655276,117303.29383183771
158,-342,-677.9857169401762,116627.99742304141
159,-341,-674.7447922826203,115946.50353820484
160,-340,-677.7491326100231,115258.40655681756
161,-339,-679.1705432419064,114589.59513423419
162,-338,-676.3833690816297,113926.41226623506
163,-337,-670.3568884749438,113222.06071468523
164,-336,-676.2009116965559,112570.07833986869
165,-335,-662.0394588390287,111889.17952825665
166,-334,-664.4750091490715,111218.67857394442
167,-333,-656.714672051072,110564.44751960714
168,-332,-663.1602664023859,109902.06666507598
169,-331,-661.1417128399797,109238.38264347383
170,-330,-652.9838487564729,108563.64682930944
171,-329,-648.4889841489279,107906.74619829515
172,-328,-653.8245294195896,107262.8495724381
173,-327,-655.8374128983409,106594.28229929156
174,-326,-647.8840553039861,105944.08025827611
175,-325,-642.2772745581569,105300.63811895903
176,-324,-641.441408867481,104649.55406448767
177,-323,-642.2834055514107,104007.07712445731
178,-322,-637.7593378773746,103367.35751974577
179,-321,-636.8159743511231,102714.30493125951
180,-320,-643.857971783634,102089.6047187273
181,-319,-636.4492346823205,101455.02660865271
182,-318,-628.4173761753933,100798.87886642925
183,-317,-632.2029171364535,100169.40866270356
184,-316,-633.1854229828457,99543.2335913391
185,-315,-632.7016533465948,98899.7789142074
186,-314,-629.1051186699358,98284.93820370108
187,-313,-615.0245799408706,97646.97428261067
188,-312,-628.4153012096205,97052.20576677233
189,-311,-619.7024806142581,96427.02944064552
190,-310,-619.628512616475,95792.88981469076
191,-309,-624.0477784729146,95175.42827873095
192,-308,-614.9438540759869,94554.55491996778
193,-307,-612.1195269805555,93938.09140745793
194,-306,-610.3310000576787,93325.73033658338
195,-305,-605.324987393107,92726.90796735139
196,-304,-609.1270347330772,92104.40552481133
197,-303,-606.4217556235762,91520.68664735764
198,-302,-596.274535429389,90879.02199040772
199,-301,-598.5049673599598,90293.61214577104
200,-300,-603.8447269928658,89695.25026572066
201,-299,-598.0596383305154,89092.85564593574
202,-298,-598.2530169850269,88506.81773681767
203,-297,-593.4824349580064,87922.71487993428
204,-296,-585.3052489219082,87314.39944834214
205,-295,-581.6878177585869,86741.2319987671
206,-294,-581.6991744194762,86131.99542247356
207,-293,-585.7596884923814,85547.431797326
208,-292,-583.1721019990466,84964.72385108178
209,-291,-584.35924744066,84411.79759738928
210,-290,-575.7336287248743,83821.71726488174
211,-289,-574.1526779516715,83238.12629451914
212,-288,-576.642257035113,82638.90379908332
213,-287,-583.3842827093878,82082.53863398176
214,-286,-571.302557904664,81525.17361350842
215,-285,-558.3609187625299,80931.62861464951
216,-284,-569.9319588184848,80382.54522416278
217,-283,-565.9729984691371,79821.40202793574
218,-282,-558.7119932291322,79247.64218143579
219,-281,-563.8850289420224,78684.58990436925
220,-280,-555.7879347295501,78111.78946696938
221,-279,-550.1421175732409,77572.22550151742
222,-278,-554.642837284828,76983.99025148415
223,-277,-545.5341058597331,76453.60117428245
224,-276,-547.4174265466232,75888.03798511259
225,-275,-560.214542274546,75338.63017055635
226,-274,-536.5230021747568,74794.30929880695
227,-273,-548.2300821818735,74248.72925752522
228,-272,-540.7573638815496,73722.46830511231
229,-271,-539.7348760457479,73156.58829670589
230,-270,-532.0043917718415,72628.57248945428
231,-269,-527.5244060710406,72090.83145586676
232,-268,-530.0360348528559,71554.33765253503
233,-267,-530.7015444186926,71018.44070944548
234,-266,-530.9240380429138,70496.37075816018
235,-265,-531.2742578227046,69958.27573199366
236,-264,-528.1026920897978,69434.62667249284
237,-263,-525.2845403737651,68900.75980473193
238,-262,-520.5836447729376,68383.33633699438
239,-261,-512.7339994866984,67848.40608255354
240,-260,-511.4282816558673,67338.40957722013
241,-259,-517.6728494243074,66813.59544299774
242,-258,-514.9288450831133,66307.180124091
243,-257,-513.6859699866724,65784.80679547906
244,-256,-507.8038294481345,65276.051521487105
245,-255,-505.5814360938159,64751.840420493696
246,-254,-508.6245547962841,64265.50249108339
247,-253,-507.714969759494,63760.528333716975
248,-252,-500.36777591354894,63235.96972985659
249,-251,-499.59157124318654,62763.04240018672
250,-250,-492.91104237757844,62245.66517366603
251,-249,-491.25885232707765,61732.99797168409
252,-248,-488.41411061205037,61255.343650702685
253,-247,-486.83787631488275,60763.24244340757
254,-246,-484.49383510012626,60281.34760469137
255,-245,-479.8916892297197,59782.18000055136
256,-244,-486.29457379145595,59287.74397369274
257,-243,-487.1729362832334,58821.502749902946
258,-242,-481.93104326488935,58319.74204908279
259,-241,-482.20721066771273,57858.171238764146
260,-240,-487.1172426776674,57351.55540316999
261,-239,-471.9838158022103,56868.174640921585
262,-238,-467.9881073523844,56413.09537341099
263,-237,-467.7490288482956,55917.922576212455
264,-236,-463.7856487628648,55468.37789725819
265,-235,-474.1544566518942,54995.13449864991
266,-234,-459.13640556713966,54508.516154605895
267,-233,-471.69937312522916,54068.22099034118
268,-232,-464.8077208951253,53603.10699615095
269,-231,-455.6687311716091,53156.574010454
270,-230,-457.6966876103504,52661.10661401321
271,-229,-456.9593640748889,52203.24573413834
272,-228,-453.5801676877278,51753.00063538383
273,-227,-457.3765032948572,51284.843422365586
274,-226,-441.3137024548325,50836.98531246749
275,-225,-451.6775633313739,50404.813815636815
276,-224,-444.3036922319016,49942.944122065055
277,-223,-439.8809731476628,49506.042172658876
278,-222,-432.99361599102593,49056.94187890741
279,-221,-437.9661307831317,48627.93175962607
280,-220,-442.193417613612,48179.1329998058
281,-219,-443.7967654917128,47728.78076365556
282,-218,-435.8969227332315,47293.22337010599
283,-217,-425.4413693531471,46868.25485362605
284,-216,-417.996079961533,46439.282259869506
285,-215,-420.89644455301425,46005.672669918094
286,-214,-420.9182833517271,45582.9354754077
287,-213,-425.28844552090123,45159.01227976622
288,-212,-420.50382433743226,44731.38763083019
289,-211,-421.43281127411643,44288.149201961234
290,-210,-421.17517294180516,43903.64882556958
291,-209,-412.61158634852103,43463.542609238
292,-208,-412.79714046992063,43035.94393415983
293,-207,-408.9566648771207,42639.14469893455
294,-206,-408.871276675366,42242.02650816333
295,-205,-409.0329647536379,41829.76981304019
296,-204,-403.20476459975214,41405.487408348774
297,-203,-394.59828322355247,41014.673785326144
298,-202,-399.282865794118,40616.65612815973
299,-201,-410.87295054827655,40191.71348307151
300,-200,-400.07015555210063,39800.51699969902
301,-199,-396.5296461810418,39403.29261372039
302,-198,-393.02602876343707,39016.247142079614
303,-197,-391.95512585838117,38609.546241906464
304,-196,-388.7754547097387,38235.00110228699
305,-195,-389.84648412577934,37809.6955755141
306,-194,-388.9797537758137,37444.82179389651
307,-193,-375.4795485423217,37050.140390378365
308,-192,-382.5552568810618,36690.567482785314
309,-191,-389.2057481936313,36293.40493836742
310,-190,-375.1595492455404,35909.64244564144
311,-189,-374.25267385901594,35527.30913438577
312,-188,-374.6540095844078,35163.18262077864
313,-187,-372.23523764511407,34768.19894469498
314,-186,-363.1357675388916,34403.97389160438
315,-185,-368.7020387727976,34048.40692826422
316,-184,-366.93525527311067,33663.58537042063
317,-183,-367.0806310446567,33311.25890641404
318,-182,-367.903159679081,32952.459251377404
319,-181,-356.3908772372468,32588.45891570913
320,-180,-358.60350683744406,32202.547140358158
321,-179,-350.830002774006,31866.114601387613
322,-178,-352.9927515157751,31525.588361095844
323,-177,-352.9374215434553,31155.24313308799
324,-176,-345.03592333519447,30809.65304228348
325,-175,-353.11878193413474,30445.40155055594
326,-174,-349.3166684205998,30086.689945630438
327,-173,-338.0031663606393,29750.96557477384
328,-172,-338.96864187082355,29415.47238891126
329,-171,-343.4792845031625,29057.63533145109
330,-170,-346.18586652699616,28729.169250987183
331,-169,-337.2851015702515,28382.620231399047
332,-168,-339.89166632819746,28074.4975882937
333,-167,-331.04073480691875,27729.255702964296
334,-166,-323.8000959510883,27391.691089310098
335,-165,-332.97921331744914,27051.296148053312
336,-164,-316.36915764309646,26728.279929129996
337,-163,-327.89647197534464,26416.112376932208
338,-162,-319.60160467309674,26076.61402013413
339,-161,-309.27527921517384,25762.14904421974
340,-160,-324.659420590326,25432.712651281276
341,-159,-312.1029242643746,25119.225157643148
342,-158,-306.5690401305165,24810.830292117556
343,-157,-311.1497312360144,24500.510570355716
344,-156,-313.4405260123417,24190.105378520642
345,-155,-308.42567595641106,23886.60721963147
346,-154,-304.674950858925,23550.8337458684
347,-153,-305.65599235018476,23245.8439785124
348,-152,-300.1115434266135,22951.422676057366
349,-151,-295.86034408481294,22659.54069073872
350,-150,-290.43272982119396,22331.866534077944
351,-149,-288.4867677097246,22054.62200295962
352,-148,-292.8761530887732,21757.738935222933
353,-147,-288.5966151037919,21447.045117880454
354,-146,-299.3895975645834,21169.067575016983
355,-145,-281.8567997359335,20878.691393319536
356,-144,-284.2535995723795,20593.929299205793
357,-143,-287.35460718697175,20282.97898489876
358,-142,-282.31303291961603,20043.56181646458
359,-141,-279.8317634255809,19737.18064122258
360,-140,-275.5576185293978,19446.07520959034
361,-139,-270.94990903979686,19177.133827723712
362,-138,-273.7462846256023,18901.430297541752
363,-137,-275.95162365313627,18629.58206797862
364,-136,-260.65808567490114,18351.63585442602
365,-135,-274.99242092766644,18076.370301693998
366,-134,-259.4494695068737,17821.85140705421
367,-133,-266.67869725728417,17568.81635110681
368,-132,-265.3550708189426,17276.71433047753
369,-131,-262.2535483413272,17043.60657298299
370,-130,-250.3189792780587,16777.01612625392
371,-129,-262.35232497352183,16524.74915998638
372,-128,-256.618006363784,16257.42416901732
373,-127,-247.67048924342012,16000.60524508699
374,-126,-247.75879263814764,15758.928128514071
375,-125,-241.93527829877195,15508.710109724438
376,-124,-251.20515549483738,15245.541564144254
377,-123,-249.81962340179285,15013.47538788341
378,-122,-232.51843942636881,14771.743209467337
379,-121,-234.37642415183774,14519.179225684482
380,-120,-243.07640805656183,14283.741563600508
381,-119,-235.4334988432278,14036.135417570933
382,-118,-229.49937401384477,13803.245240633709
383,-117,-228.26110956196845,13570.947800117183
384,-116,-224.7416672102481,13326.326213647384
385,-115,-237.01204391588988,13102.627170290041
386,-114,-218.3828196051781,12874.831908282764
387,-113,-228.91844892795535,12676.265027617232
388,-112,-213.7448228520563,12435.420579938002
389,-111,-226.27742219261472,12230.72800730661
390,-110,-217.44125536362856,12000.835354739484
391,-109,-220.17724458927262,11762.2448741326
392,-108,-213.7932923989045,11550.122751516143
393,-107,-215.6961904378199,11334.312806526403
394,-106,-213.83443458160184,11136.853470044798
395,-105,-211.82457741450105,10923.70816027955
396,-104,-200.48160949731448,10719.32507538524
397,-103,-207.14913732168193,10528.16097759601
398,-102,-195.01169379818685,10302.307346877084
399,-101,-195.32195162761502,10116.576013154297
400,-100,-188.41909699423047,9897.623340698688
401,-99,-185.5561336242239,9702.197128780883
402,-98,-191.03425886917358,9495.77856761433
403,-97,-197.2749320348657,9319.171415585666
404,-96,-193.50300406482665,9109.607798540474
405,-95,-185.95010268370095,8943.586635460917
406,-94,-189.37237097931188,8744.534597922548
407,-93,-187.19174267121645,8558.778872209727
408,-92,-174.41018298468714,8374.437045511244
409,-91,-174.19262276131258,8192.707565896977
410,-90,-186.81082668467525,8019.133624237878
411,-89,-174.4225965316364,7834.445867334049
412,-88,-165.12833023665272,7665.618368981402
413,-87,-177.50779725996924,7474.593343322758
414,-86,-171.46176544016163,7327.123230611951
415,-85,-164.21700988083424,7139.637716885764
416,-84,-161.99406760659764,6986.746218480588
417,-83,-163.60337319351248,6816.987095287859
418,-82,-164.97993563577862,6640.141329897185
419,-81,-153.8577725644502,6470.316557796002
420,-80,-151.64785943043552,6302.155693456416
421,-79,-153.07082508979266,6162.507392825677
422,-78,-168.0482881476353,6014.302994903744
423,-77,-164.762547521869,5848.743968048429
424,-76,-148.50930585178787,5685.964332653622
425,-75,-156.10731958489754,5539.688401902031
426,-74,-141.49213278354745,5422.308213712065
427,-73,-150.93950576179097,5260.685001882946
428,-72,-136.9618929371708,5120.950496577576
429,-71,-139.6989804174381,4960.262364102587
430,-70,-129.04342443385363,4835.666674909662
431,-69,-133.98236387065876,4689.39363877906
432,-68,-138.7653688124426,4544.825584259956
433,-67,-125.43030312548336,4413.802268069493
434,-66,-134.75457776480627,4296.165807050005
435,-65,-127.69534720744649,4161.676873752196
436,-64,-120.47608711147257,4019.149951815448
437,-63,-123.96300273065478,3904.742572360112
438,-62,-122.79186427882459,3791.812090163332
439,-61,-116.63861930765418,3668.9623184695906
440,-60,-121.44402714762941,3548.2629654798457
441,-59,-118.04598872443651,3416.7171107113973
442,-58,-112.55862896253892,3303.916451151069
443,-57,-120.07889513727947,3175.8084829972104
444,-56,-109.2261397362283,3075.7209070429085
445,-55,-106.4736661264627,2972.7901002375233
446,-54,-106.86622156871003,2852.109423344726
447,-53,-112.15729477766497,2766.050518865038
448,-52,-97.41580163892847,2641.96447133722
449,-51,-102.19618784251426,2529.87467241978
450,-50,-99.19523765010526,2475.811863628672
451,-49,-86.0582069774877,2359.47112077054
452,-48,-92.99505893955964,2250.7145814507016
453,-47,-90.89179601300638,2160.7232603277403
454,-46,-86.71201880042175,2075.5313666137176
455,-45,-81.95776196002004,1981.6604259292144
456,-44,-88.08364932910442,1892.3862066366605
457,-43,-84.2042067556816,1807.8804082208214
458,-42,-70.44004429911728,1713.874352017655
459,-41,-71.84642447506904,1640.2373425236997
460,-40,-74.597624337821,1566.8701146532042
461,-39,-71.41773844431219,1486.15142951874
462,-38,-64.86047364696122,1421.7160215802055
463,-37,-69.6182018570065,1324.4987527449748
464,-36,-72.35550742615602,1264.4667371745652
465,-35,-62.665305429296,1181.0030196611224
466,-34,-68.23647595428822,1117.7745495944034
467,-33,-57.4470214026305,1059.2692832265454
468,-32,-64.11953028999604,989.2126229495767
469,-31,-60.01575549755428,928.7559037953242
470,-30,-54.417469403749514,862.7038827329662
471,-29,-57.38347022944097,808.9064713471273
472,-28,-53.539876320217516,743.497986515002
473,-27,-54.8152703917859,693.3387258095804
474,-26,-48.20734783465064,658.1106750268865
475,-25,-46.40798615806955,610.8437595339409
476,-24,-42.124543045104495,541.0907300021826
477,-23,-46.24079180029383,507.50243667464895
478,-22,-44.875572727410514,464.08193784915824
479,-21,-40.89953696742136,439.59787147091976
480,-20,-37.31502845480074,381.3097052341853
481,-19,-42.02607932146308,339.1767527128476
482,-18,-34.113828274828,310.3385444517108
483,-17,-34.04660215364902,265.903405952302
484,-16,-29.082896090138824,233.41503256998823
485,-15,-36.33336391783911,218.86597806727545
486,-14,-23.875449802040055,184.1190059760874
487,-13,-24.459832255260924,161.42058564186195
488,-12,-28.558107492547112,122.85705462156987
489,-11,-26.023145333418277,99.76759117845818
490,-10,-22.040470523495074,90.67267313800451
491,-9,-17.50556966708403,70.2163274084118
492,-8,-9.569218972945913,56.43181234633076
493,-7,-10.389875803720281,35.9650919397755
494,-6,-8.28157015966715,37.88010636866836
495,-5,-6.469051828882246,28.759746230012738
496,-4,-9.491093505141311,-1.7176619329767195
497,-3,-1.4755157839152457,7.236829985936268
498,-2,-1.9480400874185757,14.173365477048954
499,-1,-2.028965380612274,-9.962589868132447
500,0,2.903438573628249,3.19925703699983
501,1,13.494733097101136,1.5775550417748265
502,2,15.491068350311593,-4.2792637855729225
503,3,8.710276943961196,0.7499052785569873
504,4,6.893487842854618,31.01607820095068
505,5,16.818692588048737,31.495886965281805
506,6,9.751028744896022,35.63389533870327
507,7,14.893604909670456,64.49522893066545
508,8,19.11865392097279,69.61640940087057
509,9,23.09125207363163,74.46812585330149
510,10,16.274859316972734,99.57953433572214
511,11,24.93726601574545,113.3075815856069
512,12,21.00242644296471,153.3643038900104
513,13,33.95836893696171,179.0743916447532
514,14,32.32066421770933,201.2103853044302
515,15,31.09150897824779,231.2559716554551
516,16,41.796346962426,264.7153715856394
517,17,30.820277135359106,323.19141261928235
518,18,38.35364480804893,342.41664427753403
519,19,39.23119729862233,385.3841021925313
520,20,44.117791393118566,424.5743504013674
521,21,44.628747616745336,463.34015182571414
522,22,42.788139374256886,512.2660753864287
523,23,49.36710775807744,543.20112944692
524,24,46.78984686607336,597.9335696146871
525,25,50.133507938121255,645.0103408469266
526,26,60.508579927993324,689.1684199282091
527,27,57.79083399179693,745.0181053432698
528,28,58.363665059488724,829.4531822252059
529,29,59.2939566484618,875.0704416879058
530,30,63.724466920097136,940.1688637277489
531,31,65.21059261004525,1001.7593900817144
532,32,65.55752055703617,1048.1797054170513
533,33,73.15454610395663,1132.4257633301559
534,34,70.89654863426198,1202.91245982587
535,35,75.73916740829506,1263.785457988462
536,36,69.99481853649237,1339.0058703347531
537,37,80.46970191755098,1417.4509901468862
538,38,78.20617925358644,1479.6916823773774
539,39,74.91660013442115,1566.9426367457575
540,40,87.4317201162333,1622.5145558463826
541,41,75.44556692573333,1717.9505291420314
542,42,85.5803997951198,1804.931398893121
543,43,90.51195491453707,1884.732368071895
544,44,91.79610046466314,1986.8545672277135
545,45,95.47861541509198,2074.833994128473
546,46,101.39222317057789,2160.2916751680127
547,47,101.00007981818405,2256.185026930606
548,48,93.79866983866354,2339.596553770808
549,49,100.65161524719444,2453.042715209358
550,50,102.49105572777128,2561.5676477038683
551,51,104.23569077783452,2646.0502497800385
552,52,94.38534829897452,2755.3290043748525
553,53,103.4236840186293,2861.5102583841253
554,54,117.68820060186937,2965.973324646544
555,55,114.55390188767048,3074.4244133943507
556,56,119.6827682214847,3193.7475421114978
557,57,116.02847486580092,3297.004927862824
558,58,115.02231698514736,3411.5040090811804
559,59,115.75090774226291,3518.836317502308
560,60,128.9843267313461,3660.287245269926
561,61,123.57284513234178,3779.3355265402524
562,62,134.04550341062392,3912.3677905632903
563,63,130.6898676601684,4021.8064724944197
564,64,129.86080016952968,4173.522789606218
565,65,138.55280139059525,4284.359919199409
566,66,128.02873185378627,4405.742188223974
567,67,141.45653581014452,4547.686264666528
568,68,131.99601833729415,4701.424853586806
569,69,140.48108269133496,4837.623940468477
570,70,151.75500956476938,4966.124568655487
571,71,147.71891627708908,5114.7094852840655
572,72,148.13973812559104,5239.634610326561
573,73,145.42099659597756,5415.760901316015
574,74,148.62509332178848,5539.702530392867
575,75,148.2304028927698,5707.35110386984
576,76,158.25205074054546,5832.1119342553275
577,77,156.46261013772482,6001.108775605654
578,78,159.56992902639945,6161.347990517294
579,79,161.49690249080598,6311.6689327681925
580,80,160.12059849810797,6463.180375066026
581,81,180.6098407985057,6638.680107834071
582,82,153.15728030692708,6797.291162254896
583,83,172.9841408535343,6976.763246483859
584,84,168.0184989183858,7150.75020705428
585,85,179.42891411628,7315.391147240954
586,86,172.41887141434938,7499.964358116364
587,87,177.94735673926237,7646.436836676575
588,88,184.77373106860622,7845.223878444209
589,89,184.97515158879565,8005.229729822553
590,90,185.0056202693479,8206.499823883107
591,91,194.01803476661533,8367.997210925896
592,92,189.1228694796175,8553.783426074464
593,93,193.28478773228076,8740.797072411226
594,94,194.86024308262955,8921.521872278381
595,95,193.8627905408347,9113.959404969562
596,96,194.8944841488143,9299.094312399871
597,97,197.4425183149623,9506.021025255312
598,98,202.97370665932476,9695.891242668558
599,99,199.88847567059275,9900.174751315992
600,100,194.87897333013416,10099.418431947623
601,101,211.57974156956013,10301.915907587074
602,102,201.29262558080373,10529.16466810174
603,103,223.1300996741648,10706.382132382472
604,104,212.7410078631588,10920.995433348873
605,105,204.62381395834046,11116.024714316907
606,106,221.21229068685315,11334.995840968866
607,107,210.13764010358892,11564.161983446094
608,108,219.92417895143697,11778.269304659445
609,109,229.24258861965893,11979.36656589494
610,110,218.6268711665711,12207.232078544785
611,111,233.62094155226487,12437.93124737722
612,112,216.05639352519756,12653.159571634636
613,113,227.72100150175177,12888.070352438122
614,114,234.08690358153154,13118.176999667578
615,115,236.65276247338755,13345.203145843272
616,116,230.5016555173509,13572.291784037649
617,117,237.9595316987998,13813.143837180904
618,118,234.03699373486498,14056.397055591784
619,119,243.82235062741515,14279.240219555293
620,120,255.3376208246862,14525.737957652478
621,121,247.45640728661547,14762.96451038883
622,122,252.16803250179413,15002.827697068726
623,123,256.8746786418174,15255.096391628625
624,124,247.56563887697234,15499.19201161951
625,125,251.9071321958624,15742.899468978148
626,126,254.6494205706549,16000.487225991035
627,127,259.7212321921378,16258.296493288333
628,128,265.75165841803016,16507.518778831964
629,129,247.63431782696694,16788.58294721727
630,130,261.7449287097901,17017.265875082245
631,131,264.4612244633264,17285.83488411633
632,132,270.8240056230138,17557.631052037344
633,133,267.3983870650909,17822.268001743912
634,134,271.3703449708229,18084.668692803203
635,135,274.19902404742754,18355.74581174156
636,136,275.6384826090328,18628.004802090934
637,137,282.102556813339,18892.887540947304
638,138,277.34061839589504,19167.426591274394
639,139,278.6853332128678,19457.274412120998
640,140,284.35133224831907,19751.43588740498
641,141,282.30585432603806,20020.278603498926
642,142,280.1992918719836,20304.760395859834
643,143,294.3791342382894,20585.1235384695
644,144,285.9557867507878,20871.927932278275
645,145,295.11248369907355,21176.26736225733
646,146,295.3200416573755,21453.448722932462
647,147,293.99174427975447,21752.092713543323
648,148,294.71115266867304,22053.662977763994
649,149,295.26586909826614,22353.122690753098
650,150,302.36544904687617,22651.713890921805
651,151,296.8912474320031,22966.265108658186
652,152,302.7671944860702,23255.47299478732
653,153,320.1893673121566,23540.534468518945
654,154,311.75986240249904,23869.765305600835
655,155,311.12142899891813,24180.22446287989
656,156,315.7723863562422,24509.44114275549
657,157,324.88478069509296,24807.381488811337
658,158,317.0973065136549,25110.57306184859
659,159,329.2290695107336,25449.710610238788
660,160,325.80017430321897,25759.398506038528
661,161,330.55133180023665,26078.259465083676
662,162,318.39438514140676,26407.978404673613
663,163,330.96849113082345,26722.914111267957
664,164,332.27703528449615,27062.722547000336
665,165,333.8684415533661,27402.170919301843
666,166,326.9041128321353,27710.171057179472
667,167,328.1731611211186,28040.66803951324
668,168,346.0895739360112,28402.937780472334
669,169,336.8275690483889,28738.659166858222
670,170,346.6237681951632,29084.871903593998
671,171,347.7125296478572,29407.271387830875
672,172,349.0252841908365,29767.1325045555
673,173,346.5350392889238,30112.55968403261
674,174,353.67909356731434,30443.048113130844
675,175,352.3093207256963,30802.71446279879
676,176,358.1503643753068,31159.811730880054
677,177,359.7663332688266,31521.208537461724
678,178,353.4924555790399,31849.908510749916
679,179,357.5108727167569,32224.84386963055
680,180,359.75423714823575,32573.22021481172
681,181,366.69071484788924,32918.413111479895
682,182,359.10791264210377,33302.47638421669
683,183,375.46140145037805,33683.595967239045
684,184,373.50154273446185,34004.2471934428
685,185,376.58430239088835,34412.40675540424
686,186,376.06179027661244,34787.745411566124
687,187,372.65264430269735,35148.919275736254
688,188,377.9885349973097,35527.50093207438
689,189,392.8518645120453,35901.555199927774
690,190,382.39067718879204,36280.5773882056
691,191,382.5631074549196,36667.65023939675
692,192,387.98773305888153,37054.1010842222
693,193,387.1316266728945,37449.8027396467
694,194,389.4934164283915,37846.22694593143
695,195,393.8217234985288,38236.84005847681
696,196,389.7576844610786,38579.832357123414
697,197,399.1794234398465,38992.94738923304
698,198,398.7919766855057,39411.98597092081
699,199,393.46137909377535,39801.002932723684
700,200,404.418263058558,40205.557321520995
701,201,410.1326632995116,40615.80666007219
702,202,411.39345422834606,41016.17363364941
703,203,403.0836661673562,41396.27134766046
704,204,404.90966012181633,41832.426768644116
705,205,410.6102827752624,42233.792808440456
706,206,407.80905865811343,42652.96107796886
707,207,408.432429575493,43065.37337345528
708,208,415.2148904885626,43471.65344955556
709,209,423.41246187443414,43898.061231213374
710,210,423.2488052286026,44306.189943710764
711,211,421.3268112813501,44736.48190333392
712,212,432.0122344716888,45150.33464936084
713,213,428.0319664056271,45562.2353982436
714,214,429.365024961151,46015.94014803215
715,215,428.0413648970504,46434.39165409601
716,216,426.94201125548074,46882.181396965374
717,217,442.94362140831663,47319.24250857975
718,218,439.619721110758,47732.202637574854
719,219,445.5070391637222,48168.3942365473
720,220,452.30512567539796,48614.30595747949
721,221,446.2540629093045,49055.277411432806
722,222,440.76365481596326,49498.51436635194
723,223,446.118179556374,49950.43834872614
724,224,451.9832906888161,50384.28158757753
725,225,458.7014818498497,50844.56769829559
726,226,444.42526146136873,51290.22915779758
727,227,457.67861733105474,51768.84754623643
728,228,462.21781915730264,52208.44893818629
729,229,455.6076961071454,52668.255788681025
730,230,463.1215207345668,53131.634653804154
731,231,466.01197723412764,53590.32925140655
732,232,463.00894392428313,54056.745932619015
733,233,477.63721555571004,54527.903859289676
734,234,467.72326625567075,54978.43822659776
735,235,469.8526220748119,55457.924732233136
736,236,472.2704825162365,55945.01101462816
737,237,477.3617584223011,56416.01800121405
738,238,478.97851309876233,56879.75415442388
739,239,482.46095340768073,57369.6342411185
740,240,479.4554806415938,57846.79934202495
741,241,494.5832522498135,58329.09121691687
742,242,484.92585477342124,58791.028243206216
743,243,492.7580186784722,59295.83217187651
744,244,490.36381154134165,59795.608479141076
745,245,495.58774610365464,60261.34337116255
746,246,507.3050170476166,60767.59722406073
747,247,497.0966663266318,61263.27906178591
748,248,501.3349380613689,61749.382724740026
749,249,507.27644803946663,62241.56676824359
750,250,501.9488353211598,62761.25689522584
751,251,502.95456459390834,63242.150251824656
752,252,507.5033529393142,63774.870522941186
753,253,507.230122796659,64268.585245910675
754,254,510.5949324841571,64761.6338298136
755,255,516.7280919681809,65268.41655277111
756,256,516.7049209394474,65800.9746495741
757,257,520.3444638114404,66294.42315200901
758,258,516.1530907387511,66816.98559720305
759,259,525.0380623558957,67348.72604019355
760,260,519.632504942516,67850.82872261625
761,261,531.2868305113554,68386.52543163537
762,262,529.3661930926572,68891.59016930216
763,263,531.5127998198986,69435.5941085138
764,264,529.1989344612915,69960.61524523809
765,265,526.4168428355043,70472.22240427717
766,266,529.4863918935174,71027.86514304884
767,267,541.4674917541163,71556.36505750984
768,268,533.9619264248939,72090.13166460561
769,269,542.4100375547022,72633.35483134024
770,270,538.7409813944776,73172.62314162718
771,271,548.5601570123727,73703.25315778621
772,272,548.2773845187495,74238.30949274504
773,273,551.5112909231601,74806.5441126138
774,274,552.7627700878336,75337.69499547027
775,275,563.0942241921917,75887.16401768685
776,276,555.9496341433263,76430.96086027272
777,277,553.227698086349,77013.84860228842
778,278,561.895644083827,77559.10003700679
779,279,566.2930832013667,78113.20395316876
780,280,561.2765070368192,78680.1202420069
781,281,563.7012096446501,79249.12642297016
782,282,570.1620001767392,79803.13466087554
783,283,568.1816908938583,80373.12055116639
784,284,573.9490036336055,80931.3966450737
785,285,568.9790787505302,81495.04242425715
786,286,573.9038208492616,82100.89289711908
787,287,575.9460948649321,82658.32257493505
788,288,569.9058371076438,83233.88725096337
789,289,585.0105570227371,83843.13385717742
790,290,579.4894612457948,84394.06879305963
791,291,588.9310036258134,84962.14898909931
792,292,580.5829216905504,85585.40629724886
793,293,590.503848515755,86136.00067706
794,294,589.5432572071007,86726.03527668207
795,295,589.9913716054806,87311.8796884948
796,296,595.9739709295906,87927.29983594471
797,297,591.879597304993,88491.14094569763
798,298,590.2231632879185,89091.44520135198
799,299,607.9584751577324,89701.50288312038
800,300,601.0090232785021,90286.51219243265
801,301,611.6005679413983,90910.5258135081
802,302,608.8870765211507,91502.62354043392
803,303,614.1853076206215,92118.91193868312
804,304,614.3364794538933,92725.8530588901
805,305,615.0691072389175,93317.79436004838
806,306,613.2954773961392,93947.83874787974
807,307,618.6958274043893,94562.93392098516
808,308,610.3123712997724,95160.67696720162
809,309,615.2439729491537,95794.32510442771
810,310,620.4784420776646,96411.25965781896
811,311,620.8435351019405,97027.94170072701
812,312,626.2630803192155,97656.26632419838
813,313,626.8631971284124,98284.1877060264
814,314,634.6626163333234,98895.43537672344
815,315,633.463506125228,99541.54434684363
816,316,640.3862247601791,100185.83264897246
817,317,639.5012731753995,100821.11539161036
818,318,648.0124163744953,101451.10869200002
819,319,644.3059084280461,102088.26505521251
820,320,635.6800909781098,102698.98436993398
821,321,649.1454006178357,103351.71289120248
822,322,644.9667261534747,104005.56718640597
823,323,641.6469532656213,104676.71323323059
824,324,653.8942900674298,105306.7927135978
825,325,654.9689199395515,105958.60122808593
826,326,656.9787053441937,106608.57836465827
827,327,667.696852100715,107256.55960686535
828,328,660.2849549750593,107924.5773076994
829,329,658.5154328933471,108577.43615908775
830,330,662.9778581325033,109217.66902498483
831,331,665.5831247208363,109888.94220043402
832,332,667.8598527741266,110553.01016432937
833,333,667.2959417762279,111235.01392335986
834,334,672.2884763368588,111879.48100761787
835,335,670.6187579054315,112546.50536467384
836,336,677.1954782374181,113227.63366619183
837,337,679.6527309439433,113886.25265478481
838,338,681.9440744518203,114579.62089066874
839,339,686.3067424437041,115255.11229308032
840,340,683.5719288312133,115938.61050380566
841,341,682.2863575611467,116621.53925174489
842,342,684.3506100741955,117321.94142789047
843,343,690.0515631664316,117992.8547757837
844,344,685.922352214141,118687.31509003416
845,345,698.4924729636159,119376.39679407857
846,346,697.3972846633557,120043.81218412076
847,347,689.175822908439,120745.01728326807
848,348,700.8037517712528,121456.20243535156
849,349,700.7221349377021,122127.4178676435
850,350,707.5440370296749,122832.08727871378
851,351,704.5526878561886,123527.60781192043
852,352,703.8994720173824,124268.84182551425
853,353,707.8474398438999,124965.41093174997
854,354,708.4320315353232,125673.803815436
855,355,720.2036243366986,126382.56053130275
856,356,714.7794454141373,127109.60046667545
857,357,717.2848578036561,127810.93723149555
858,358,715.4079348941721,128523.66028241222
859,359,721.1550614829159,129248.78492707905
860,360,720.9881465936373,129942.34522110155
861,361,716.4406323416025,130669.18752107758
862,362,726.0257137067258,131411.00014361631
863,363,726.8277701249391,132131.38945628598
864,364,736.2147719343628,132849.98118910394
865,365,730.9916929698261,133600.31516908036
866,366,734.3262644178338,134339.98996519143
867,367,731.141352794704,135050.74539569768
868,368,736.0706740262359,135788.0384379211
869,369,741.6077053829064,136539.16068351106
870,370,732.9531776777171,137274.06088108325
871,371,750.1911129602784,138008.10495640745
872,372,748.6185973882319,138758.8249080693
873,373,747.9079477172637,139499.7982045118
874,374,757.080411676173,140231.0789969637
875,375,752.3260111330604,141010.61552936197
876,376,764.6976093272144,141747.9616408375
877,377,751.85168128493,142495.85650136598
878,378,755.8330686464477,143259.8236621152
879,379,760.8346840069194,144013.50811414528
880,380,767.2420554205117,144783.9126604797
881,381,760.5653669526257,145539.372898697
882,382,765.3723136466023,146317.11748982556
883,383,772.518012638918,147078.84552133534
884,384,769.5692388376706,147856.74274507802
885,385,764.702541349365,148625.92312368113
886,386,782.926905384192,149374.52170748299
887,387,781.4409471420257,150158.91477588282
888,388,771.5618105652036,150942.53797407335
889,389,774.0888800372459,151726.9216483857
890,390,781.9579600081321,152481.4452982855
891,391,789.6581772456179,153257.4715627505
892,392,782.8507722967865,154049.65745844785
893,393,788.5756385710196,154825.30348729168
894,394,793.6863379602021,155626.57993052906
895,395,799.9221490040393,156408.74626208592
896,396,797.7602461332755,157207.3041840135
897,397,802.114659217461,158033.54963166654
898,398,796.218441217516,158803.26569189224
899,399,795.4747957462921,159606.9157593747
900,400,800.8143630626568,160415.89258557532
901,401,803.1783872678884,161196.4285231896
902,402,809.2151198183928,162000.4720523366
903,403,814.3289805054951,162813.10514816572
904,404,817.2044471011396,163625.32905102274
905,405,818.0916950659362,164433.76286198944
906,406,817.0255749471387,165254.6273378327
907,407,820.7188286122076,166063.64217207098
908,408,825.1623151454345,166881.5024189571
909,409,828.1151266024411,167702.24261567718
910,410,826.1424804276429,168513.0084785665
911,411,824.909445183545,169327.78252993364
912,412,829.1664930699868,170159.18273851075
913,413,825.3432556507519,170973.14849574142
914,414,827.8023370484271,171805.59959107212
915,415,827.927607535172,172653.7415292703
916,416,838.7974052291221,173480.22828609092
917,417,832.6293275081148,174299.84955571202
918,418,843.6633274881791,175126.93703917728
919,419,849.8077167364678,175971.2203430972
920,420,846.12765040727,176820.83130466886
921,421,846.6076370655355,177667.483539624
922,422,839.2989599756124,178505.52888373527
923,423,862.3547950824086,179363.93105115887
924,424,851.764190961299,180202.289004659
925,425,852.7628727747257,181053.79798374185
926,426,868.3463732896626,181895.0969484152
927,427,848.7775932445302,182770.3191772265
928,428,860.531594492046,183619.09389332362
929,429,864.441280980966,184468.03778718665
930,430,862.7736156768733,185337.86039181013
931,431,860.3995513617754,186190.88570967191
932,432,861.9769540681021,187064.38499976185
933,433,870.976110565069,187913.35502528163
934,434,866.5917521229019,188782.7168300117
935,435,879.3657414911762,189659.52598862775
936,436,874.6952810678939,190516.26633177724
937,437,881.4710274954556,191409.0566803678
938,438,887.9877440072127,192272.91665702427
939,439,880.9078003470912,193158.31316647664
940,440,877.5620971478494,194035.9608464538
941,441,885.9212240375807,194908.18284371225
942,442,893.1127874546247,195806.77378555297
943,443,879.4857065868079,196703.44144549372
944,444,885.7851172186549,197571.9910763033
945,445,890.5428813007304,198463.56287543752
946,446,888.983997286601,199374.19157124887
947,447,896.2806850962014,200259.12834156907
948,448,898.0187008253776,201144.64642685073
949,449,901.6829715783147,202046.59454090474
950,450,910.1686557337675,202946.74626379844
951,451,905.472791864262,203885.53405958382
952,452,906.6182522432402,204742.891550293
953,453,905.1683568768625,205665.14280502428
954,454,909.9685753699795,206560.9848172383
955,455,912.1242247733712,207487.1386098181
956,456,916.3274007832024,208392.02111224545
957,457,918.075742826012,209307.0778089508
958,458,915.5323374487252,210216.62906803074
959,459,923.3027788414292,211149.02460092024
960,460,924.5468519956638,212049.34160232532
961,461,931.3362027006767,212988.08981785248
962,462,930.6825308523413,213894.31744590797
963,463,927.7485863343552,214835.2306504258
964,464,933.3560549178264,215748.73682901147
965,465,932.2726044931951,216702.59710443177
966,466,932.4260989906296,217625.9569668803
967,467,942.7490494457534,218551.91731406387
968,468,942.6809621353004,219504.26465927437
969,469,943.1976883324721,220416.14835641105
970,470,952.159215780636,221366.6718912767
971,471,942.6862678458845,222305.55815926896
972,472,943.952472431029,223262.79071927606
973,473,950.1142705994387,224209.3562311344
974,474,947.6425604395531,225156.96781596105
975,475,944.841406021387,226105.32183883412
976,476,953.6846016392634,227044.4643432612
977,477,963.8990504318376,228010.6980680473
978,478,962.5342625684599,228978.65975857773
979,479,958.0207012702269,229930.8446184077
980,480,967.0780261620702,230895.4208741271
981,481,963.4135409980454,231835.87962223706
982,482,967.9797410395903,232825.49618557584
983,483,976.7931106880142,233766.17053255314
984,484,974.1426111256792,234734.10008617898
985,485,973.9970721199204,235715.93846753103
986,486,982.7030989049774,236667.8465717753
987,487,978.516986679456,237650.96562682555
988,488,984.5285244929944,238640.90434057123
989,489,978.8128179020562,239623.29845225153
990,490,990.4517411301808,240601.69955523146
991,491,991.394546788045,241578.82734243074
992,492,994.4665483640719,242552.67963708483
993,493,983.8589746823485,243555.76829537604
994,494,985.7994806270152,244523.2767793409
995,495,994.2792405119676,245512.97484877164
996,496,989.783141583363,246534.11630408734
997,497,1006.5595352634698,247504.05348895083
998,498,997.6483918553655,248499.9614591605
999,499,999.8338722767287,249510.03446061048
1000,500,1003.7711846724977,250495.29989105073
